Worker Name,16,17,18,19,20,21,22,23,24,25,26,27,28,29,30,31,1,2,3,4,5,6,7,8,9,10,11,12,13,14,15,Total Days,OT Hrs
Employee 1,,,,,,,,,,,,,,,,,,,,,,,,,,,,,,,,=COUNTIF(B2:AF2,">0"),=MAX(0,SUM(B2:AF2)-8*COUNTIF(B2:AF2,">0"))
Employee 2,,,,,,,,,,,,,,,,,,,,,,,,,,,,,,,,=COUNTIF(B3:AF3,">0"),=MAX(0,SUM(B3:AF3)-8*COUNTIF(B3:AF3,">0"))
Employee 3,,,,,,,,,,,,,,,,,,,,,,,,,,,,,,,,=COUNTIF(B4:AF4,">0"),=MAX(0,SUM(B4:AF4)-8*COUNTIF(B4:AF4,">0"))
Employee 4,,,,,,,,,,,,,,,,,,,,,,,,,,,,,,,,=COUNTIF(B5:AF5,">0"),=MAX(0,SUM(B5:AF5)-8*COUNTIF(B5:AF5,">0"))
Employee 5,,,,,,,,,,,,,,,,,,,,,,,,,,,,,,,,=COUNTIF(B6:AF6,">0"),=MAX(0,SUM(B6:AF6)-8*COUNTIF(B6:AF6,">0"))
Employee 6,,,,,,,,,,,,,,,,,,,,,,,,,,,,,,,,=COUNTIF(B7:AF7,">0"),=MAX(0,SUM(B7:AF7)-8*COUNTIF(B7:AF7,">0"))
Employee 7,,,,,,,,,,,,,,,,,,,,,,,,,,,,,,,,=COUNTIF(B8:AF8,">0"),=MAX(0,SUM(B8:AF8)-8*COUNTIF(B8:AF8,">0"))
Employee 8,,,,,,,,,,,,,,,,,,,,,,,,,,,,,,,,=COUNTIF(B9:AF9,">0"),=MAX(0,SUM(B9:AF9)-8*COUNTIF(B9:AF9,">0"))
Employee 9,,,,,,,,,,,,,,,,,,,,,,,,,,,,,,,,=COUNTIF(B10:AF10,">0"),=MAX(0,SUM(B10:AF10)-8*COUNTIF(B10:AF10,">0"))
Employee 10,,,,,,,,,,,,,,,,,,,,,,,,,,,,,,,,=COUNTIF(B11:AF11,">0"),=MAX(0,SUM(B11:AF11)-8*COUNTIF(B11:AF11,">0"))
Employee 11,,,,,,,,,,,,,,,,,,,,,,,,,,,,,,,,=COUNTIF(B12:AF12,">0"),=MAX(0,SUM(B12:AF12)-8*COUNTIF(B12:AF12,">0"))
Employee 12,,,,,,,,,,,,,,,,,,,,,,,,,,,,,,,,=COUNTIF(B13:AF13,">0"),=MAX(0,SUM(B13:AF13)-8*COUNTIF(B13:AF13,">0"))
Employee 13,,,,,,,,,,,,,,,,,,,,,,,,,,,,,,,,=COUNTIF(B14:AF14,">0"),=MAX(0,SUM(B14:AF14)-8*COUNTIF(B14:AF14,">0"))
Employee 14,,,,,,,,,,,,,,,,,,,,,,,,,,,,,,,,=COUNTIF(B15:AF15,">0"),=MAX(0,SUM(B15:AF15)-8*COUNTIF(B15:AF15,">0"))
Employee 15,,,,,,,,,,,,,,,,,,,,,,,,,,,,,,,,=COUNTIF(B16:AF16,">0"),=MAX(0,SUM(B16:AF16)-8*COUNTIF(B16:AF16,">0"))
Employee 16,,,,,,,,,,,,,,,,,,,,,,,,,,,,,,,,=COUNTIF(B17:AF17,">0"),=MAX(0,SUM(B17:AF17)-8*COUNTIF(B17:AF17,">0"))
Employee 17,,,,,,,,,,,,,,,,,,,,,,,,,,,,,,,,=COUNTIF(B18:AF18,">0"),=MAX(0,SUM(B18:AF18)-8*COUNTIF(B18:AF18,">0"))
Employee 18,,,,,,,,,,,,,,,,,,,,,,,,,,,,,,,,=COUNTIF(B19:AF19,">0"),=MAX(0,SUM(B19:AF19)-8*COUNTIF(B19:AF19,">0"))
Employee 19,,,,,,,,,,,,,,,,,,,,,,,,,,,,,,,,=COUNTIF(B20:AF20,">0"),=MAX(0,SUM(B20:AF20)-8*COUNTIF(B20:AF20,">0"))
Employee 20,,,,,,,,,,,,,,,,,,,,,,,,,,,,,,,,=COUNTIF(B21:AF21,">0"),=MAX(0,SUM(B21:AF21)-8*COUNTIF(B21:AF21,">0"))
Employee 21,,,,,,,,,,,,,,,,,,,,,,,,,,,,,,,,=COUNTIF(B22:AF22,">0"),=MAX(0,SUM(B22:AF22)-8*COUNTIF(B22:AF22,">0"))
Employee 22,,,,,,,,,,,,,,,,,,,,,,,,,,,,,,,,=COUNTIF(B23:AF23,">0"),=MAX(0,SUM(B23:AF23)-8*COUNTIF(B23:AF23,">0"))
Employee 23,,,,,,,,,,,,,,,,,,,,,,,,,,,,,,,,=COUNTIF(B24:AF24,">0"),=MAX(0,SUM(B24:AF24)-8*COUNTIF(B24:AF24,">0"))
Employee 24,,,,,,,,,,,,,,,,,,,,,,,,,,,,,,,,=COUNTIF(B25:AF25,">0"),=MAX(0,SUM(B25:AF25)-8*COUNTIF(B25:AF25,">0"))
Employee 25,,,,,,,,,,,,,,,,,,,,,,,,,,,,,,,,=COUNTIF(B26:AF26,">0"),=MAX(0,SUM(B26:AF26)-8*COUNTIF(B26:AF26,">0"))
Employee 26,,,,,,,,,,,,,,,,,,,,,,,,,,,,,,,,=COUNTIF(B27:AF27,">0"),=MAX(0,SUM(B27:AF27)-8*COUNTIF(B27:AF27,">0"))
Employee 27,,,,,,,,,,,,,,,,,,,,,,,,,,,,,,,,=COUNTIF(B28:AF28,">0"),=MAX(0,SUM(B28:AF28)-8*COUNTIF(B28:AF28,">0"))
Employee 28,,,,,,,,,,,,,,,,,,,,,,,,,,,,,,,,=COUNTIF(B29:AF29,">0"),=MAX(0,SUM(B29:AF29)-8*COUNTIF(B29:AF29,">0"))
Employee 29,,,,,,,,,,,,,,,,,,,,,,,,,,,,,,,,=COUNTIF(B30:AF30,">0"),=MAX(0,SUM(B30:AF30)-8*COUNTIF(B30:AF30,">0"))
Employee 30,,,,,,,,,,,,,,,,,,,,,,,,,,,,,,,,=COUNTIF(B31:AF31,">0"),=MAX(0,SUM(B31:AF31)-8*COUNTIF(B31:AF31,">0"))
Employee 31,,,,,,,,,,,,,,,,,,,,,,,,,,,,,,,,=COUNTIF(B32:AF32,">0"),=MAX(0,SUM(B32:AF32)-8*COUNTIF(B32:AF32,">0"))
Employee 32,,,,,,,,,,,,,,,,,,,,,,,,,,,,,,,,=COUNTIF(B33:AF33,">0"),=MAX(0,SUM(B33:AF33)-8*COUNTIF(B33:AF33,">0"))
Employee 33,,,,,,,,,,,,,,,,,,,,,,,,,,,,,,,,=COUNTIF(B34:AF34,">0"),=MAX(0,SUM(B34:AF34)-8*COUNTIF(B34:AF34,">0"))
Employee 34,,,,,,,,,,,,,,,,,,,,,,,,,,,,,,,,=COUNTIF(B35:AF35,">0"),=MAX(0,SUM(B35:AF35)-8*COUNTIF(B35:AF35,">0"))
Employee 35,,,,,,,,,,,,,,,,,,,,,,,,,,,,,,,,=COUNTIF(B36:AF36,">0"),=MAX(0,SUM(B36:AF36)-8*COUNTIF(B36:AF36,">0"))
Employee 36,,,,,,,,,,,,,,,,,,,,,,,,,,,,,,,,=COUNTIF(B37:AF37,">0"),=MAX(0,SUM(B37:AF37)-8*COUNTIF(B37:AF37,">0"))
Employee 37,,,,,,,,,,,,,,,,,,,,,,,,,,,,,,,,=COUNTIF(B38:AF38,">0"),=MAX(0,SUM(B38:AF38)-8*COUNTIF(B38:AF38,">0"))
Employee 38,,,,,,,,,,,,,,,,,,,,,,,,,,,,,,,,=COUNTIF(B39:AF39,">0"),=MAX(0,SUM(B39:AF39)-8*COUNTIF(B39:AF39,">0"))
Employee 39,,,,,,,,,,,,,,,,,,,,,,,,,,,,,,,,=COUNTIF(B40:AF40,">0"),=MAX(0,SUM(B40:AF40)-8*COUNTIF(B40:AF40,">0"))
Employee 40,,,,,,,,,,,,,,,,,,,,,,,,,,,,,,,,=COUNTIF(B41:AF41,">0"),=MAX(0,SUM(B41:AF41)-8*COUNTIF(B41:AF41,">0"))
Employee 41,,,,,,,,,,,,,,,,,,,,,,,,,,,,,,,,=COUNTIF(B42:AF42,">0"),=MAX(0,SUM(B42:AF42)-8*COUNTIF(B42:AF42,">0"))
Employee 42,,,,,,,,,,,,,,,,,,,,,,,,,,,,,,,,=COUNTIF(B43:AF43,">0"),=MAX(0,SUM(B43:AF43)-8*COUNTIF(B43:AF43,">0"))
Employee 43,,,,,,,,,,,,,,,,,,,,,,,,,,,,,,,,=COUNTIF(B44:AF44,">0"),=MAX(0,SUM(B44:AF44)-8*COUNTIF(B44:AF44,">0"))
Employee 44,,,,,,,,,,,,,,,,,,,,,,,,,,,,,,,,=COUNTIF(B45:AF45,">0"),=MAX(0,SUM(B45:AF45)-8*COUNTIF(B45:AF45,">0"))
Employee 45,,,,,,,,,,,,,,,,,,,,,,,,,,,,,,,,=COUNTIF(B46:AF46,">0"),=MAX(0,SUM(B46:AF46)-8*COUNTIF(B46:AF46,">0"))
Employee 46,,,,,,,,,,,,,,,,,,,,,,,,,,,,,,,,=COUNTIF(B47:AF47,">0"),=MAX(0,SUM(B47:AF47)-8*COUNTIF(B47:AF47,">0"))
Employee 47,,,,,,,,,,,,,,,,,,,,,,,,,,,,,,,,=COUNTIF(B48:AF48,">0"),=MAX(0,SUM(B48:AF48)-8*COUNTIF(B48:AF48,">0"))
Employee 48,,,,,,,,,,,,,,,,,,,,,,,,,,,,,,,,=COUNTIF(B49:AF49,">0"),=MAX(0,SUM(B49:AF49)-8*COUNTIF(B49:AF49,">0"))
Employee 49,,,,,,,,,,,,,,,,,,,,,,,,,,,,,,,,=COUNTIF(B50:AF50,">0"),=MAX(0,SUM(B50:AF50)-8*COUNTIF(B50:AF50,">0"))
Employee 50,,,,,,,,,,,,,,,,,,,,,,,,,,,,,,,,=COUNTIF(B51:AF51,">0"),=MAX(0,SUM(B51:AF51)-8*COUNTIF(B51:AF51,">0"))
